{
    "name": "CLANGWARNING",
    "displayName": "ClangWarning",
    "type": "STANDARD",
    "briefIntroduction": "Clang编译器提供的警告信息，可在项目编译过程中扫描出代码警告",
    "supportedLanguages": ["OC", "C_CPP"],
    "dockerTriggerShell": "python3 ./src/clangwarning.py --input={input.json} --output={output.json}",
    "dockerImageURL": "csighub.tencentyun.com/codecc/clangwarning",
    "toolScanCommand": "python3 ./src/clangwarning.py --input={input.json} --output={output.json}",
    "toolRunType": "local",
    "dockerImageVersion": "latest"
}