{
    "name": "CLANG",
    "displayName": "Clang",
    "type": "STANDARD",
    "briefIntroduction": "开源工具Clang Static Analyzer，可对Objective-C项目检查潜在的代码bug",
    "supportedLanguages": ["OC", "C_CPP"],
    "dockerTriggerShell": "python3 ./src/scan.py --input={input.json} --output={output.json}",
    "dockerImageURL": "csighub.tencentyun.com/codecc/eslint-codecc-plugin",
    "dockerImageVersion": "latest",
    "toolScanCommand": "python3 ./src/scan.py --input={input.json} --output={output.json}",
    "toolRunType": "local"
}